<?xml version="1.0" encoding="UTF-8"?>
<beans xmlns="http://www.springframework.org/schema/beans"
	xmlns:xsi="http://www.w3.org/2001/XMLSchema-instance"
	xsi:schemaLocation="http://www.springframework.org/schema/beans http://www.springframework.org/schema/beans/spring-beans.xsd">


	<bean id="FirstSpringData"
		class="com.springproject.test.methods.MethodData">
	<constructor-arg index="0" value="1001"></constructor-arg>
	<constructor-arg index="1" value="600"></constructor-arg>
	<constructor-arg index="2" value="Pradeep Joam"></constructor-arg>
	<constructor-arg index="3" value="Techlive Solutions"></constructor-arg>
	</bean>
	<bean id="SecondMethodInfo"
		class="com.springproject.test.methods.MethodInfo">
	<constructor-arg index="0" value="Chandigarh"></constructor-arg>
	</bean>
</beans>
